Composition,Ctemp
Co1Lu3,2
Co3Lu4,2
Co2Lu1,2
Co3Lu1,362
Co17Lu2,1192
Co1Y3,2
Co3Y4,6
Co2Y1,291
Co3Y1,301
Co17Y2,1167
Mn23Sm6,450
Ni1Sm1,45
Ni2Sm1,22
Ni3Sm1,85
Ni5Sm1,26
Ni17Sm2,413.5
Os2Sm1,34.5
Pt2Sm1,6
Rh2Sm1,20
Sm1Zn1,125
Mn2O4Sn1,53
Sn97Te100,0.2
Ca1Fe5Mo5O30Sr9,413
Fe1Mo1O6Sr2,425
Fe12O19Sr1,750
La7Mn10O30Sr3,363
La75Mn150O499Sr125,130
O3Ru1Sr1,160
O6Pb1Ru2Sr1,0
B4Mn2Ta1,780
Tb1,219
Al2Tb1,111
Al2Tb3,190
C1Tb2,266
Cd5Tb6,185
Co2Tb1,235
Co3Tb1,506
Co5Tb1,980
Co7Tb2,718.5
Co17Tb2,1187
Cr1O7Sb1Tb2,15
Cu1Tb1,80
Fe2Tb1,697.5
Fe3Tb1,648
Fe17Tb2,409
Fe23Tb6,560.5
Fe5O12Tb3,554.2
Ga1Tb1,158
Ir2Tb1,45.5
Mn5Tb1,445
N1Tb1,40
Ni1Tb1,50
Ni2Tb1,40
Ni3Tb1,98
Ni5Tb1,23
Ni7Tb2,101
Ni17Tb2,396.5
Al1Ni39Tb20,53
Al9Ni191Tb100,56
Al8Ni2Tb5,59
Al179Ni21Tb100,84
Al48Ni2Tb25,118
Al101Ni101Tb100,47
H3O3Tb1,3.71
Os2Tb1,33.5
Pd19Tb51,30
Pt2Tb1,10.6
Rh2Tb1,40
Si4Tb5,225
Fe10Tb1Y4,579
Fe10Tb2Y3,620
Fe20Tb9Y1,685
Tb1Zn1,204
Co5Th1,550
Co3Fe2Th1,690
Cr2Te4Ti1,214
Fe2Ti1,373.5
F3Fe1Tl1,77
Fe24La1O38Tl1,703
F3Ni1Tl1,139.5
Tm1,32
Al2Tm1,3.9
Au4Tm1,2
Co2Tm1,18
Co3Tm1,370
Co5Tm1,1020
Co17Tm2,1183.5
Cr1O7Sb1Tm2,6
Fe2Tm1,565
Fe3Tm1,540.5
Fe17Tm2,265.5
Fe23Tm6,477.5
Fe5O12Tm3,549
Ir2Tm1,1
Lu11Tm39,11
Mn2Tm1,12
Ni1Tm1,5.5
Ni2Tm1,14
Ni3Tm1,43
Ni5Tm1,5
Ni17Tm2,377.5
Ni1Tm3,12
As4U3,197.5
Bi4U3,108
Fe2U1,165.25
Fe1O4U1,44.5
Ga2U1,125
Ge2U1,52
Ge4U3,92.5
H3U1,171
N3U2,210.5
P1U1,125
P4U3,138.15
P3S1U4,100
P18S7U25,109
P67S33U100,118
P1S1U2,150
Pt23U27,29.8
S1U1,179.8
Sb4U3,148.5
Se1U1,171
Se2U1,13.1
Se3U2,180
Se4U3,160
Te1U1,104
Te3U2,122
Te4U3,87.5
P80Th3U57,141
B1O3V1,32.5
O5S1V1,4.1
B4Mn2W1,560
Al1Fe4O12Y3,430
Al4Bi1Fe16O48Y11,430
Bi29Fe250O600Y121,577
Bi1Fe5O12Y2,591
Fe5O12Y3,552
Fe23In2O60Y15,444
Fe9In1O24Y6,448.5
Ca2Fe8In1O24V1Y4,415
Fe22In3O60Y15,397
Fe43In7O120Y30,377
Co5Y1,975
Co7Y2,639
Cr1O7Sb1Y2,15
Fe2Y1,543.5
Fe17Y2,324
Fe23Y6,484
Al1Fe9O30Y10,595
Al1Fe4O15Y5,496
Al2Fe3O15Y5,332
Al3Fe14Mn3O60Y20,440
Al1Fe8Mn1O30Y10,512
Fe3Mn2O15Y5,375
Fe4Mn1O15Y5,535
Fe9Mn1O30Y10,592
Fe1O3Y1,643
Fe4Ga1O12Y3,454
Fe79Ga46O300Y75,226.9
Gd16Se29Y5,47
Fe243In7O600Y150,525
Fe10La1O24Y5,556.5
Mn5Y1,488
Mn23Y6,486
Fe1Mn1Y1,180
Fe207Mn23Y60,380
Fe5Nd2O12Y1,557
Ni3Y1,33
Ni7Y2,57
Ni17Y2,385
Cu2Ni15Y2,470
Cu4Ni13Y2,180
Cu5Ni29Y4,465
Fe5O12Pr1Y2,553
Fe41O120Sc9Y30,320
Co5Yb1,973
Cr1O7Sb1Yb2,10
Fe5O12Yb3,548
Ni3Yb1,20
Ni5Yb1,0.95
Ba10Bi1Fe60O110Zn10,360
Ba1Fe6O11Zn1,374
Cd3Cr10Se20Zn2,105
Cd9Cr20Se40Zn1,137
Cd7Cr40Se80Zn13,22
Cr2Se4Zn1,129.5
Fe2O4Zn1,389.25
As2Mn2Zn1,30
Mn27O40Zn3,31
Fe2Zr1,611.5
Co2Fe8Zr5,502
Fe6Mn4Zr5,115
Gd1Zn200Zr99,7
Hf1Zn20Zr9,10.6
Hf3Zn50Zr22,4
Fe40Nb3Zr17,490
Fe20Nb3Zr7,336
Fe10Nb2Zr3,218
Mn1Ni1O4Zn1,90
Ti1Zn20Zr9,65
Ti2Zn50Zr23,40
Zn19Zr10,26.35
Zn2Zr1,21.75
B1Fe14Y2,571
B1Fe14La2,530
B1Ce2Fe14,479
B1Fe14Pr2,565
B1Fe14Nd2,588
B1Fe14Sm2,618
B1Fe14Gd2,659.5
B1Fe14Tb2,620
B1Dy2Fe14,593
B1Fe14Ho2,573
B1Er2Fe14,551
B1Fe14Tm2,540
B1Fe14Yb2,524
B1Fe14Lu2,537
B1Co14Y2,1015
B1Co14La2,956
B1Co14Pr2,992
B1Co14Nd2,1001.5
B1Co14Sm2,1030
B1Co14Gd2,1051.5
B1Co14Tb2,1034.5
C1Fe14Pr2,513
C1Fe14Nd2,532
C1Fe14Sm2,580
C1Fe14Gd2,626
C1Fe14Tb2,585
C1Dy2Fe14,555
C1Fe14Ho2,525
C1Er2Fe14,510
C1Fe14Tm2,500
C1Fe14Lu2,495
B1Er1Fe4,620
B1Fe4Tm1,610
B1Fe4Lu1,573
B400Fe400Pr111,7.5
B400Fe400Nd111,13
B400Fe400Sm113,37
B200Fe200Gd57,22
B80Fe80Tb23,16
B80Dy23Fe80,11.5
B100Fe100Ho29,6.5
B6Fe2Nd5,64
B6Fe2Gd5,57
B3Fe23Pr2,644
B3Fe23Nd2,655
B3Fe23Sm2,663
B3Fe23Gd2,689
B6Fe12Nd1,230
B7Fe31Y3,510
B1Co4Y1,382
B1Co4Pr1,456
B1Co4Nd1,458
B1Co4Sm1,510
B1Co4Gd1,513.5
B1Co4Er1,386
B4Co11Gd3,460
B3Co7Gd2,345
B2Co3Sm1,40
B2Co3Gd1,58
B2Co3Er1,20
B6Co12Y1,157
B6Co12La1,160
B6Ce1Co12,144
B6Co12Pr1,167.5
B6Co12Nd1,166.5
B6Co12Sm1,164.5
B6Co12Gd1,165.5
B6Co12Tb1,154
B6Co12Dy1,160.5
B6Co12Ho1,146
B6Co12Er1,145
B6Co12Tm1,144
B2Co2Pr1,36
B2Co2Nd1,39.5
B2Co2Sm1,14
B2Co2Gd1,41.25
B4Co4Pr1,171
B4Co4Nd1,182
B4Co4Sm1,176
Pr1Ru2,33.9
Pr1Rh2,8.25
Os2Pr1,35
Ir2Pr1,16
Pr1Pt2,7.7
Gd1Rh2,75
Gd1Ir2,89.5
Gd1Pt2,29.5
Nd1Ru2,31.5
Nd1Rh2,8.1
Ir2Nd1,11.8
Nd1Pt2,4.2
Gd5Pd2,335
Dy507Pd193,25
Ho18Pd7,10
Fe1V1,16.8
Fe17Sm2,389
Cu6Gd1,20
Al2Ho1,29
Fe1Ni1,790
Fe3Ge1,647.5
Co1Pd1,137
Ce1Fe2,234.5
Dy1Ga1,116
Ce1Cu5,7.1
Ag1Ce1,5.5
Fe3Si1,810
Eu1O1,69.5
Fe3Gd1,728
Ge1U1,94
Ge9Mn23,337
B6Eu1,12.75
Co7Gd2,775
Al2Er1,13.5
Fe1Pd1,150
Co1Ho3,10
Al1Ni3,46
Gd1Ni2,77
Mn23Pr6,448
Fe9Ti1,1033
Er2Ni7,70.5
Co2Pr1,50
Co5Gd1,1013.5
Gd2Ni17,196
Eu1Ni2,139
F3Ho1,0.53
Fe2Sc1,542
Fe1Pt1,386
Fe7Ge4,510
Gd1Mg1,119.5
Gd2In1,189.5
Cr67Te100,345
Co1Sm3,78
Mn1Ni1,662
Ni23Sb2,620
Cu1Ni1,57
Ho3Pd2,20
Co2Gd1,404
Fe2Gd1,791.5
Co1Er3,7
Mn3Pd7,5.47
Ho2Pt1,17
Ni5Pr1,0
Dy6Mn23,443
Al11Ce3,6.2
Al2Gd1,171
Li1Ni1O2,200
Ni1Pd1,11.75
B1Co2,428.5
Ce1Pt1,5.75
Fe2Nb1,85
Mn3O4,43
Al1Fe3,573
Al89Mn111,540.5
Fe1Li1O4Ti1,753
Dy3Rh2,18
Er1Ni5,9.2
Fe3Pt1,451.5
Ce2Co7,50
Al2Nd1,76
Cm1N1,117
Mn1Pt3,441.5
Dy2In1,143
Fe4N1,761
Fe2Ho1,604.5
Dy1Ni1,56
Ge2Nd1,3.6
Gd1Mn2,112.5
Pt1Tb1,56
Nd1Sn1,32
Al2Pr1,33
Gd1Y1,212.35
Eu1S1,16.5
Ce1Si2,9
Cr2Te3,182
Fe3P1,716
Cr1Ni3,340
Eu1Pd2,80
Pr1Si2,11
Co13La1,1304
In1Sm2,150
Cr1Fe1,330
Fe1Se1,417.5
Dy1Ni5,12
Gd3Rh2,51
Eu1H2,18.3
C2Fe5,521
Ce10Si17,9.95
Ag51Pr14,13
C2Eu1,22
Fe17Nd2,328
Gd1Zn2,68
Ho1Ni2,22
Dy2Fe17,370
Mn11Sb10,582.5
Gd1Ni5,31.823
Fe267O400,850
Fe2P1,216
Mg2Pr1,9.6
Eu400P267,25
Gd1Zn1,270
Er2Fe17,300
Gd9Yb1,256
Fe43Se50,450
Dy1Ni2,28.5
Mn23Yb6,406
Fe17Ge3,800
Ho1N1,18
Gd1Pd9,4
Co2Er1,36
Sn2U3,60
Er1Fe2,587
Ho1P1,5.5
Ce3Sn1,5
Co5Pr1,912
In1Tb2,175
H2Pu1,55
Pt3V1,223
Co1Tb3,79.5
Pt1Tb2,98
Ho1Os2,8.3
Ce1Ge1,9
Ni1Rh1,87.5
Co17Sm2,1192
Er1Ni3,64
Fe3Th1,425
Cm1P1,73
Cr3Te4,325
Ce4Ge7,7
Nd1Zn2,24
Co52Er9,1123
Co1S2,121.315
Fe2Hf1,595
B1Fe3,897
Dy3Pd2,27
Co1Gd3,129
Ce1Co5,653
Fe3Pd1,463
Ga1Ho1,63
Ho1Ni1,34
Er1Zn1,20
Gd7La3,257
Er1Mn2,25
Fe2O3,961
Fe3O4,858
Cr1Pt3,458
Ce1Gd4,160
Co3Gd2,320
La2Ni7,70
Er3Rh2,8
In1Pr3,62
Cd3Gd17,85
As1Mn1,317
Ga5U3,23
Er1Ni2,10.5
Nd1Tb3,180
Ni2U1,23.5
Co5U1,360
Cu5Tb1,40
Er1Ga1,32
Ga1Sm1,108
Eu3S4,3.8
Fe1Ni3,941.5
Eu1Yb1,26
P1Pu1,126.5
Mn2Sb1,550
Fe17Nd5,503
Ce1Tl1,21
Fe1Pd3,540
Co5Dy1,966
Fe1Ge1,280
Co1Gd1,216
Gd4Pr1,165
Co2Dy1,140
Cl3Tb1,3.7
Co2Nd1,100
Mn1Ni3,750
Gd1Lu1,253
Co3Er1,401
Mn1Si1,30
Bi3Ce4,3.5
Ge1Pr1,39
Co1Nd3,27
Ho1Zn1,77.5
Er5Ni3,35
Cf1N1,25
Pr1Pt1,15
Ce5Sn3,12
Fe2Sm1,676
Co5Sm1,1017.5
Mn7Sn4,260.5
Mg3Tb1,108
Fe1Rh1,668
Ho1Mg1,25
Pr3Tl1,11.3
Co2Sm1,227
Co5Ho1,1000
Ga2Mg1O4,69
Ce2Fe17,226.5
Fe3Se4,320
Al2Gd3,281
Gd7Pt3,300
Pt1Tm1,6
Er1Ho1,33
Cu6Pr1,0
Ge2Mn5,710
As2Cr3,223
Ni4Ru1,512
Ho3Rh2,19
Gd1Ni3,113
F3Tb1,3.95
Gd3Pd1,325
Dy1Zn1,140
Er3Pd2,18
Fe2Nd1,453
Ce100Ge167,7
C33Ho100,139
As1Cm1,88
Mn1P1,291.5
Ga1Nd1,44
Al1Fe1,640
Sm1Tl3,8.6
Dy1Ru2,30
Fe7S8,585.5
Nd1Si2,10
Bi3Gd4,340
C1Fe3,487
Gd6Mn23,465.5
Gd3Ir1,155
Co5Nd1,910
Er6Fe23,494
Eu1Pt2,92.5
Co17Gd2,1209
Np1Se3,18
Dy1N1,22
Al1Pr3,16
Dy1Rh1,3.8
Rh1U1,57
Fe17Gd2,476.5
Ce100H283,4.2
Fe17Ho2,327
Nd1Pt5,6
Er1Ru2,8
Gd1Os2,66
As2Mn3,273
Pr1Si1,54
Al2Dy1,62
Fe5Gd1,470
Co7Tm2,640
Co5La1,840
Dy2Pt1,66
Er1Mg1,16
Dy1Fe3,605
Er1Gd1,193
Ni1Pt1,100
Mn27Zn73,140
Gd2Pt1,155
Ge8Pr5,14
Dy1Mn2,43
Ho1Pt1,16
Pd2Tb3,40
Nd1Ni5,7.2
Gd1Pt1,67
Gd4Nd1,145
Mn23Nd6,437.5
Ho5Sb3,86
Dy1Fe2,635
Pd3Sm7,183
Ce2Co17,1086
Fe3Sm1,651
C33Dy100,216
Ce1Pd1,6.525
Co3Gd1,612
Fe23Ho6,501
Ru2Tb1,52
Ga1Gd1,191.5
B2Mn1,146.5
Pr1Tb3,163.5
Fe3Sn1,743
In1Nd2,112
Gd4Sb3,260
Gd1Sc1,264.5
Cm1Sb1,162
Er3In1,51
C33Gd100,350
Ho1Ru2,18
Te300U89,12
Co2Mg1,321
B4Pr1,24
Mn23Tb6,455
Dy1Pt1,23
Gd9Th1,245
Mn1Zn3,400
Ho1Tb1,74
Ho1Mn2,25
Fe2Lu1,589
Fe23Gd6,659
Co2Ho1,82
Ge1Nd1,26.5
S2Ta1,0.9
Cr1O2,396
Au1Fe1,174
B2Tb1,150
Nd5Sb3,60
Dy1Os2,15.5
Er1N1,5
Ho2In1,138
Gd1Ni1,71
Gd3Pd2,38
Au1In2,35
Co2Zr1,120
Dy2Ni17,170
Bk1N1,87
Ni9Ti1,553
Cu3Fe7,505
Ga1Pr1,32
Ga2Gd1,180
Ce20Si27,35
Br3Cr1,34.422
Co3Nd1,381
As1Pu1,125
Np2Se5,15
Pt5Tb1,7
Cr5S6,307.5
Pr3Sn7,11.8
Co3Dy1,450
Er1Pt1,16
Ce1Ga2,10
Al2Sm1,122
Dy1Mg1,46
Fe89Se100,320
Pr7Pt3,16
Al1Ho1,26
Co1Pr3,14
Cr3Se4,70
Au4V1,54.5
Er1Os2,3.2
Ho1Ni5,10
Co5Er1,1050
Mg1Tb1,81
Dy6Fe23,534.5
Ge3Mn5,302
Np1Te3,25
Fe3Y1,543
Er1Ni1,10.25
Gd3S4,20
In1Nd3,114
Nd1Os2,23
In1Sc3,6.1
Gd1Mg3,117
Fe3S4,575
Er1Si2,4.3
Gd3In1,213
Ge4Mn1,340
Gd5Sb3,260
Fe5Li1O8,917
Ce9Ge14,6
Nd1Si1,46
Np1Os2,7.5
Dy3In1,138
Ce5Sn4,10
Ce7Pt3,7
Fe3Ho1,567
Ni1Yb1,9
B9Fe91,944
Nd1Pt1,23
Fe17Pr2,282
Dy887Th113,123
Ce3Pd5,1.5
Eu2Mg17,16
Nd1Ni2,16
Gd1N1,67.4
Gd9Mg1,214
As3Eu4,17.75
Be46Cu4Ti25,7.5
Be179Cu21Ti100,13
Be43Cu7Ti25,15
Be81Cu19Ti50,22
Be77Cu23Ti50,28
Be3Cu1Ti2,33
Ga29Mn71,470
Ga33Mn67,690
Ga9Mn16,703
Ga19Mn31,200
Ga21Mn29,650
Fe1Ga125Ni374,43.65
Co1Fe1Ti2,57
Al1Co2Ti1,134
Co3Fe2Ti5,13.9
Co57Fe43Ti100,33.9
Co33Fe67Ti100,39.2
Co11Fe39Ti50,8.4
Fe9Hf5V1,440
Fe8Hf5V2,290
Fe7Hf5V3,180
Fe6Hf5V4,100
Co3Fe7Zr5,422
Co4Fe6Zr5,275
Co34Fe16Zr25,96
Co7Fe3Zr5,74
Co36Fe14Zr25,30
Co37Fe13Zr25,4
Fe9V1Zr5,510
Fe8V2Zr5,370
Fe7V3Zr5,200
Fe6V4Zr5,75
Fe17Mn3Zr10,465
Fe9Ni1Zr5,544
Fe8Ni2Zr5,464
Fe7Ni3Zr5,383
Fe6Ni4Zr5,288
Cr1Fe1Zr2,30
Cr10Fe10H33Zr10,44
Cr1Fe4Zr5,160
Cr4Fe16H31Zr10,208
H17Mn10Zr5,145
H18Mn10Zr5,146.5
H19Mn10Zr5,147
Ni43Pt57,23
Ni9Pt11,54.2
Ni12Pt13,74
Ni1,628.15
Cr2Pt3,990
Cr7Pt13,860
Cr3Pt7,675
Cr11Pt39,337.5
Au4Mn1,363
Au2Mn1,363
Au400Fe1V99,50
Au400Fe3V97,59
Au80Fe1V19,56.5
Au400Fe7V93,75
Au40Mn1V9,150
Ga1Mn1Ru1,220
Co1Mn1Sb1,490
Co1Sb1V1,58
Mn1Rh1Sb1,320
Ir1Mn1Sb1,290
Al1Ir1Mn1,400
Mn1Ni1Sb1,730
Mn1Pd1Sb1,500
Mn1Pt1Sb1,575
Ga1Mn1Pt1,220
Mn1Pt1Sn1,353
Cu1Mn1Sb1,55
Au1Mn1Sb1,72
Ge1Mn1Ni1,187.5
Co3Ge20Mn20Ni17,186.5
Co1Ge5Mn5Ni4,80
Co3Ge10Mn10Ni7,186.5
Co2Ge5Mn5Ni3,80
Co1Ge2Mn2Ni1,47.1
Al1Cr1Fe2,246
Fe2Mn1Si1,214
Fe2Sn1V1,200
Al1Fe2Ti1,123
Co2Ga1Ti1,130
Co2Sn1Ti1,359
Co2Ge1Ti1,386
Co2Si1Ti1,375
Al1Co2V1,310
Co2Ga1V1,352
Co2Sn1V1,70
Al1Co2Zr1,185
Co2Sn1Zr1,444
Al1Co2Nb1,383
Co2Nb1Sn1,119
Al1Co2Hf1,193
Co2Ga1Hf1,186
Co2Hf1Sn1,394
Co2Fe1Si1,980
Al1Co2Ta1,260
Al1Co2Cr1,334
Al1Co2Mn1,693
Co2Ga1Mn1,694
Co2Mn1Si1,985
Co2Ge1Mn1,905
Co2Mn1Sn1,829
Ge1Mn1Rh2,450
Mn1Rh2Sn1,412
Mn1Pb1Rh2,336.5
Ga1Mn1Ni2,379
In1Mn1Ni2,314
Mn1Ni2Sn1,343
Mn1Ni2Sb1,334
Al1Cr1Ni2,140
Ge1Mn1Pd2,170
Mn1Pd2Sn1,189
Mn1Pd2Sb1,247
Al1Cu2Mn1,603
Cu2In1Mn1,500
Cu2Mn1Sn1,515.5
Al1Mn1Rh2,95
Ga1Mn1Rh2,80
In1Mn1Rh2,105
Au2Mn1Zn1,253
Mn1Rh2Sb1,335
Al1Ge1Mn1,510.6
Al10Cr1Ge10Mn9,573.4
Al10Fe1Ge10Mn9,431.2
Ga1Ge1Mn1,452.6
Co25Gd2Sm3,1000
Co119Fe51Sm20,1113
Co3393Cu507Sm500,1120
Rh3Si2Sm1,34
Gd1Rh3Si2,31
Rh3Si2Tb1,37
Dy1Rh3Si2,29
Er1Rh3Si2,24
Gd1Rh1Si1,100
Nd2Rh1Si3,15
Ir1Nd1Si1,10
Al1Nd1Ni1,16
Al1Gd1Ni1,60
Al1Ni1Tb1,61
Al1Dy1Ni1,39
Al1Ho1Ni1,26
Al1Er1Ni1,15.5
Al1Ni1Tm1,8.1
Al1Cu1Pr1,36
Al1Cu1Nd1,25
Al1Cu1Gd1,86
Al1Cu1Tb1,52
Al1Cu1Dy1,35
Al1Cu1Ho1,23
Al1Cu1Er1,17
Al1Cu1Tm1,13
Gd1In1Ni1,83
Gd1In1Pd1,102
Al1Fe1Y1,38
Al1Fe1Gd1,260
Al1Fe1Tb1,195
Al1Dy1Fe1,134.75
Al1Fe1Ho1,92
Al1Er1Fe1,56
Al1Fe1Tm1,38
Al1Fe1Lu1,39
Al1Co1Tb1,48
Al1Co1Dy1,47
Al1Co1Ho1,34
Al1Co1Er1,25
Ce1Cu1Si1,15.5
Cu1Pr1Si1,14
Cu1Gd1Si1,49
Cu1Si1Tb1,47
Cu1Si1Tm1,9
Ag1Nd1Si1,20
Ag67Eu100Si133,34
Nd100Ni67Si133,23
Mn1Si1Y1,275
La1Mn1Si1,295
Gd1Mn1Si1,317
Co1Gd1Si1,250
Rh1Si1Tb1,55
Dy1Rh1Si1,25
La1Mn1Si2,386
Ce1Mn1Si2,398
Mn1Pr1Si2,434
Mn1Nd1Si2,441
Mn1Si2Sm1,464
Fe1Pr1Si2,26
B2Ru1Tb1,49
B2Ru1Tm1,4
Ce1Pd2Si1,2.3
Dy1Pd2Si1,9
Ho1Pd2Si1,3.5
Er1Pd2Si1,2.8
Ge1Pd2Tb1,9.7
Ge1Ho1Pd2,3.6
Er1Ge1Pd2,3
Pr1Ru2Si2,16.5
Nd1Ru2Si2,23.5
Ru2Si2Tm1,1
Os2Pr1Si2,12.6
Nd1Os2Si2,2.9
Os2Si2Tm1,1
Au2Eu1Si2,15.5
Au2Ho1Si2,14.8
Au2Er1Si2,40
Ce1Ge2Ru2,11
Ge2Pr1Ru2,18
Ge2Nd1Ru2,8.5
Ge2Ru2Sm1,10
Eu1Ge2Ru2,62
La1Mn2Si2,306.5
Mn2Nd1Si2,32
Gd1Mn2Si2,62.5
Mn2Si2Tb1,65
Dy1Mn2Si2,55
Er1Mn2Si2,5
Ge2La1Mn2,308
Ce1Ge2Mn2,316
Ge2Mn2Pr1,331.5
Ge2Mn2Nd1,334
Ge2Mn2Sm1,223.5
Eu1Ge2Mn2,9
Gd1Ge2Mn2,96
Ge2Mn2Tb1,95
Dy1Ge2Mn2,43.5
Ge2Ho1Mn2,20.6
Er1Ge2Mn2,4.65
Eu1Fe2P2,27
Co2La1P2,125
As2Ni2Sm1,9
Dy1Pt2Si2,3
Ho1Pt2Si2,3
Er1Pt2Si2,3
Pt2Si2Tm1,3
Fe13Ni7,503
Cr1Te1,333.5
Ca1La4Mn5O15,215
Ca33La67Mn100O300,257
Ca9La11Mn20O60,234
Ca1La3Mn4O12,200.5
Al100Er47Gd3,13
Al100Er43Gd7,40
Al40Dy17Er3,54.4
Al20Dy7Er3,45.5
Al40Dy11Er9,39.3
Al4Dy1Er1,41.9
Al10Dy2Er3,32
Al8Dy1Er3,24
Al20Dy1Er9,16.3
Gd1Pd1,38.75
Gd1Rh1,22
Al1Er1Ga1,3
Al1C1Er3,4.15
Al11Er5,11
Al56Ho25,25
Al9Dy2Ho2,34
Al11Dy50,50
Dy13Er37Ni100,9.5
Dy9Gd1Ni20,28
Gd3Ge2Ni1,193
Al5Er4Gd1Ni5,16
Al5Er3Gd2Ni5,20.5
Al50Er23Gd27Ni50,25
Al10Er3Gd7Ni10,31.5
Fe200Tb33Y67,596
Fe40Tb9Y11,610
Fe10Tb4Y1,670
Ce1Fe34I1Y2,308
Ce4Fe85Y6,300
Ce6Fe85Y4,290
Ce1Fe17Pr1,274
Dy7Fe3,108
Er7Fe3,35
Gd7Ni3,130
Dy7Ni3,35
Co7Gd13,180
Fe6Gd35Ni9,185
Fe9Zr1,237
Fe891Ni9Zr100,255
Fe441Ni9Zr50,275
Fe873Ni27Zr100,288
Al9Fe171Zr20,286
Fe171Si9Zr20,303
Fe171Ga9Zr20,315
Fe171Ge9Zr20,310
Fe171Sn9Zr20,315
Ce1Cu2Si2,0.65
Be13U1,0.9
Pt3U1,0.5
Ru2Si2U1,1.5
Al3Pd2U1,2
Cd1Nd1,121
Cd1Gd1,258
Cd1Tb1,159
Cd1Dy1,80
Cd1Ho1,17
Cd1Er1,3.3
Cd1Tm1,0.03
C1Ce2Fe14,345
C1Fe14Yb2,495
Co4Ni1Y1,780
Co3Ni2Y1,585
Co2Ni3Y1,240
Co1014Th193,540
Co102Th19,650
Co53U10,365
Co4Ni1Pr1,750
Co3Ni2Pr1,570
Co2Ni3Pr1,360
Co1Ni4Pr1,40
Co51Tb10,980
Co26Dy5,970
Co11Ho2,960
Co7Nd2,613
Co7Sm2,691.5
Co3Ho1,418
Co10Tb21Y9,61
Co5Tb12Y3,72
C3Fe85Y10,470
C1Fe17Y2,502
C3Fe34Y4,550
C1Fe17Sm2,552
C1Fe17Gd2,582
C1Fe17Tb2,537
C3Fe34Tb4,540
C1Dy2Fe17,515
C1Fe17Ho2,504
C1Er2Fe17,488
C3Fe85Tm10,460
C8Fe85Tm10,550
Fe17Lu2,263
B5Co7Fe63Y10,683
B5Co14Fe56Y10,745
B5Co21Fe49Y10,820
B1Fe14Th2,487
Ni1Si1U1,87
Rh1Si1U1,9.5
Ge1Rh1U1,9
Ge1Pd1U1,40
Pd1Sb1U1,65
Mn2Si2U1,375
Cu2Si2U1,103
Ge2Mn2U1,390
Cu2P2U1,216
As2Cu2U1,140
Mn2Np1Si2,300
Cu2Np1Si2,37.5
Cr2Pu1Si2,81
Mn2Pu1Si2,215
Fe2Pu1Si2,38
Ni2Pu1Si2,42
Fe1Sb4U3,120
Co3Sb4U3,10
Cu3Sb4U3,89.5
Rh3Sb4U3,105
Al8Fe4U1,154
Al8Fe4Np1,130
Al9Mn3U1,30
Al7Fe5U1,268
Al6Fe6U1,355
Fe6Ga6U1,515
Fe10Si2U1,642.5
Co10Si2U1,510
Co5Fe5Si2U1,750
Fe10Mo2U1,227
Fe10Re2U1,340
Cu1P2U1,75
As2Co1U1,144
As2Cu1U1,133
Cu1Sb2U1,102
Ni1Si2U1,97.5
Pt1Si2U1,85.5
Cu4Ge4U3,71
Ge13Ir4U3,15
Fe15Ge2U2,522.5
Fe137Si33U20,525
Fe25Si9U4,430
Co15Si2U2,590
Co15Ge2U2,650
Co157Ge13U20,735
Co14Ge3U2,315
Ge6Ru7U4,6.8
Ge4Nb3U2,130
Ge4Ta3U2,105
Ge4U2V3,60
Co4Ge7U3,21.5
Co1Si3U2,10
Ni1Si3U2,27.5
Cu1Si3U2,30
Rh1Si3U2,19.5
Pd1Si3U2,15.5
Ir1Si3U2,11
Pt1Si3U2,8
Au1Si3U2,11.6
Ga3Ru1U2,73
Ga3Rh1U2,60
Ga3Ir1U2,72
B2C1Rh2U1,185
Ni167P300U150,139
Fe4P12U1,3.2
Al2Fe1O4,9.5
Al1Fe2O4,590
Cd1Fe2O4,0
Co1Fe2O4,790
Co2Fe1O4,450
Cu1Fe5O8,623
Cu1Fe2O4,734
Cr2Fe1O4,80
Cr1Fe2O4,430
Fe1Ga2O4,4
Fe2Ga1O4,473
Fe2Ge1O4,11
Fe2Mg1O4,653
Fe2Mn1O4,573
Fe1Mn2O4,255
Fe2Mo1O4,350
Fe2Ni1O4,859
Fe2O4Ti1,142
Fe2O4V1,445
Fe1O4V2,109
B4Gd1Rh4,5.6
B4Ho1Rh4,6.6
B40Ho7Lu3Rh40,4.1
B4Er1Rh4,0.9
Al2Np1,56
Al3B6Co20,409
B6Co21Ge2,467
B6Co21Nb2,491
B6Co21Mo2,545
B6Co21W2,538
B6Co20Ti3,478
C6Fe21Mo2,492
C6Fe21W2,1006
B3C3Fe23,742
Tm1Zn1,8.12
Al2Ce1,5.9
Gd25Ge18Si2,81
Cu8Gd5Ni2,95
Cu2Gd2In1,86
Gd1,292.75
Cu3Gd10Ni7,68
Al63Ni187,30
Al49Ni151,59
Al6Ni19,72
Ni429Pt571,14
Ni113Pt137,55
Ce10Fe85N14,713
Ce4Fe34N5,700
Ce10Fe85N18,712
C14Ce10Fe85,716
C5Ce4Fe34,608
C2Ce2Fe17,589
Fe34N5Pr4,728
C27Fe170Pr20,735
C5Fe34Pr4,690
C2Fe17Pr2,654
Fe170N23Nd20,732
Fe34N5Nd4,740
C11Fe85Nd10,739
C5Fe34Nd4,662
C2Fe17Nd2,658
Fe170N23Sm20,749
Fe34N5Sm4,750
Fe17N2Sm2,745
Fe170N31Sm20,752
Fe17N3Sm2,749
Fe170N29Sm20,740
Fe850N147Sm100,746
C2Fe17Sm2,675
C5Fe34Sm4,719.5
Fe85H4N15Sm10,748
C5Fe170N24Sm20,752
C5Fe170H8N24Sm20,752
C13Fe85Sm10,673
C26Fe170H11Sm20,674
C26Fe170N1Sm20,678
C26Fe170H10N1Sm20,678
Fe85Gd10N12,758
Fe34Gd4N5,740
C5Fe34Gd4,763
C2Fe17Gd2,712
Fe170N23Tb20,733
Fe34N5Tb4,730
C2Fe17Tb2,680
Dy10Fe85N14,725
Dy4Fe34N5,720
C27Dy20Fe170,733
C5Dy4Fe34,681
C2Dy2Fe17,683
Fe17Ho2N3,709
Fe34Ho4N5,710
Er20Fe170N27,697
Er4Fe34N5,690
C12Er10Fe85,708
C5Er4Fe34,671
Fe170N27Tm20,690
Fe34N5Tm4,690
Fe17Yb2,280
Fe85N14Yb10,675
Fe170Lu20N27,678
Fe34Lu4N5,675
Fe85N13Y10,694
Fe170N27Y20,690
Fe170N31Y20,701
C2Fe17Y2,670.5
C14Fe85Y10,722
C5Fe34Y4,678
C1Ce2Fe17,297
C1Fe17Pr2,370
C1Fe17Nd2,449
C1Fe17Tm2,498
C1Fe17Lu2,490
C6Fe85Th10,462
Fe11N1Nd1Ti1,729
Ce1Fe11Ti1,479
Fe11Pr1Ti1,519
Fe11Nd1Ti1,547
Fe11Sm1Ti1,584
Fe11N1Sm1Ti1,743
Fe11Gd1Ti1,607
Fe11Tb1Ti1,554
Dy1Fe11Ti1,534
Dy1Fe11N1Ti1,760
Fe11Ho1Ti1,525
Er1Fe11Ti1,505
Fe11Ti1Tm1,496
Fe11Lu1Ti1,488
Fe11Ti1Y1,524
Fe11N1Ti1Y1,756
Fe11Mo1N1Y1,664
Fe10Mo2N1Y1,477
Fe9Mo3N1Y1,342
Fe4Mo8N1Y1,140
Fe10N1Nd1V2,744
C3Fe100Gd10Si20,642
C3Dy10Fe100Si20,10.2
C3Er10Fe100Si20,585
C3Fe100Si20Y10,580
Ag199Eu1,6.5
Ag1Cr4In1Se8,50
Ag1Fe24La1O38,708
Au199Eu1,6.5
Au87Fe13,40
Au83Fe17,148
Au4Fe1,210
Au39Fe11,220
Au799Mn201,377
Au5Mn2,100
Al1Au2Mn1,236
Al3Au10Mn7,314
Au20Cr1Mn4,332.5
Au20Cr2Mn3,250
Au20Cr3Mn2,202.5
Au20Cr4Mn1,97.5
Au2In1Mn1,140
Au80Fe3V17,57
Au16Fe1V3,66
Au80Fe7V13,67
Au80Fe9V11,26
Au16Cr2Mn1V1,200
Ba1Fe12O19,740
Al2Ba1Fe10O19,618
Al4Ba1Fe8O19,514
Al6Ba1Fe6O19,414
Al8Ba1Fe4O19,314
Ba1Co1Fe14O23,740
Ba2Fe1Mo1O6,355
Ba20Fe20O59,190
Ba1Fe1O3,180
Ba1F2Fe12O19,710
Ba2Fe1O6Re1,316
Ba5Fe54O95Sc6,500
Ba5Fe51O95Sc9,600
Ba3Fe1O9U2,123
Ba2Mn1O6Re1,136
Ba1Fe2Mo2O12Sr3,413
Ba3Fe5Mo5O30Sr7,410
Ba21Fe25Mo25O150Sr29,399
Ba71Fe50Mo50O300Sr29,372
Ba1Fe30O30Sr4Zn5,400
Ba3Fe60O60Sr7Zn10,323
Ba4Fe30O30Sr1Zn5,358
Ba1Fe12O12Sr1Zn2,333
Ba5Fe12Mg2O31Ti3,391
Ba5Fe12O31Ti3Zn2,310
Ba1O3V1,77
Al5Ba4Fe19O44Zn4,370
Ba1Fe14O23Zn1,705
Ba2Fe18O30Zn1,673
Ba2Fe22Ir1O38Zn1,563
Bi4Ca1Mn5O15,90
Bi1Ca9Mn10O30,114
Bi3Ca17Mn20O60,126
Bi1Mn1O3,106.5
Ca6Fe7O24V3,493
Ca2Fe1Mo1O6,372.5
Ca2Fe1O6Re1,538.5
Ca3Fe3Ge1O12V1,319
Ca30Fe33Ge4O120V13,424
Ca43Fe600La7O950,718
Ca1Fe2O5,403
Ca6Fe7O24Sb3,55
Cd1Cr2S4,84.5
Cd1Cr2Se4,129.5
Cd1Fe2,782
Cd1Mn2O4,4
Cd4Mn11O20,5
Cd3Mn12O20,15
Cd2Mn13O20,24.5
Al4Ce1,9
Cd5Ce6,12
C1Ce1I3,0.345
Ce1Co3,44
Ce1Fe5,228
Ce1Fe1O3,719
Ce5Ge3,4.2
Al110Ce27La3,5.4
Al110Ce21La9,3.7
Al220Ce3La57,1.3
Ce2Ni7,48
Ce3S4,10
Ce3Se4,10
Ce4Ru10Tb1,4.7
Ce3Ru10Tb2,12.3
Al300Ce33Th67,5
Al300Ce67Th33,6
Co1,1387.6
Al3B6Co2,406
Al1Co1Fe1O4,420
As1Co10S19,90
As1Co4S7,12
B1Co1,477
B1Co3,747
Ba5Co10Fe71In9O135,571
Ba1Co2Fe16O27,753
Ba13Co10Fe120O205Sr2,683
Ba3Co10Fe120O205Sr12,638
Co1Cr2O4,97
Co1Cr2S4,236.5
Ce2Co7Cu2Fe1,993
Co1Cu1Rh4S8,100
Al3B6Co16Fe4,623
Co8Fe2P5,140
Co7Fe3P5,286
Co6Fe4P5,407
Co4Fe6P5,453
Co19Fe31P25,459
Co2Fe1O8Rh3,160
Co1Fe1O4Rh1,355
Co3Fe1S8,140.7
Co11Fe18O40Ti1,755
Co3Fe2O8Ti1,450
Co9Fe2O20Ti4,200
Co13Mn7,140
Co1Mn1O3,392.5
Co9Mn6O20,198
Co2Mn1O4,193
Co11Mn4O20,188
Co1Mn2O4,100
Co3Fe80Ni37O160,871
Co7Fe20Ni3O40,831
Co97Fe200Ni3O400,786
Co10S19Se1,90
Co4S7Se1,40
Co8Mn2P5,209
Co7Mn3P5,386
Co1Mn1P1,583
Co4Mn6P5,445
Co1Fe2O4Zn1,622.5
Co1Pt1,840
Co20Cr33Rh7S80,200
Co2Cr1Rh3S8,50
Co100S197,122
Co5S9Se1,67
B6Co21Sn2,425
Co393Ti107,38
Co18Ti7,42
Co71Ti29,44
Co84Ti41,17
Co2O4V1,159
Co1O4V2,145
Co3O8V2,10
Co7Fe20O40Zn3,591
Be12Cr1,50
Co61Cr39S200,275
Co3Cr1S8,335
Co41Cr9S100,300
Co19Cr1S40,170
Co91Cr9S200,210
Cr4Fe1,81
Cr406Fe409,50
Cr3Fe1Sb4,80
Cr1Ge2,99
Cr11Ge19,86
Cr1I3,68
As5Cr2Mn3,160
B4Cr1Mn2,440
Cr1Mn2O4,65
Cr33Nb100S200,160
Cr33Nb50S100,65
Cr33Nb100Se200,105
Cr1Nb4Se8,79
Cr9Pd71Si20,60
Cr1S1,303
Cr100S117,310
Cr500S597,305
Cr2S3,120
Cr33S200Ta100,170
Cr33Se100Ta50,120
Cr5Te6,327
Cr7Te8,355.5
Cr4Sb1Te3,290
Cr2Sb1Te1,220
Cr49O100V1,385.5
Cr19O40V1,381.5
Cr23O50V2,344
Cs1F3Fe1,60
Cs1F3Ni1,120.5
Co1Cr4Cu1S8,235
Cr1Cu1Mn1O4,45
Cr2Cu1O4,134
Cr1Cu1Rh1Se4,255
Cr5Cu5Rh3Se20Sn2,140
Cr2Cu1S4,376.5
Cl1Cr5Cu5S19,370
Cl1Cr1Cu1S3,218
Cr2Cu1Se4,433
Br1Cr2Cu1Se3,314
Br4Cr10Cu5Se16,300
Br1Cr10Cu5Se19,400
Cl1Cr2Cu1Se3,383
Cr2Cu1S3Se1,353
Cr2Cu1S2Se2,360
Cr2Cu1S1Se3,393
Cr2Cu1Te4,344.6
Br1Cr2Cu1Te3,282
Cr2Cu1I1Te3,287.5
Cu5Fe9Ga1O20,680
Cu1Fe1Ga1O4,361
Cu2F1Fe1O3,658
Cu4Fe10Mg1O20,960.5
Cu1Fe10Mg4O20,930.5
Cu2Mg1Mn3O8,57
Cu4Fe10Mn1O20,671
Cu7Fe40Mn13O80,600
Cu1Mn2O4,25
Cu3Mn3O8,80
Cu1Fe10Mn1O20Zn3,328.5
Cu6Ni19,346
Cu14Ni11,4.2
Cu11Ni9,7.5
Cu9Ni11,133.5
Cu2Mn3Ni1O8,150
Cr3Cu2Rh1Se8,350
Cr2Cu5Rh8Se20,50
Cr1Cu5Rh9Se20,15
Cr1Cu10Rh19Se40,5
Cu1Mn1O4Rh1,35
Cu1O4Rh2,830
Cr7Cu4S16V1,267
Cr5Cu4S16V3,46
Cr1Cu4S16V7,8
Cu2Fe10O20Zn3,323.5
Cu5Fe22O40Zn3,519
Cu1Fe4O8Zn1,383
Cu4Fe10O20Zn1,579.5
Cu9Fe18O40Zn3,518
Dy1,86
Al2Dy3,90.5
Al1Dy6Fe9O24,490
C1Dy1,165
Cd10Dy13,105
Co7Dy2,647
Co17Dy2,1170.5
Co3Dy4,55
Cr1Dy2O7Sb1,16
Al10Dy3Er2,49
Dy3Fe5O12,557.5
Dy12Fe19Ga1O48,520
Dy1Ir2,23
Dy1Mn5,430
Dy1Ni3,69
Dy2Ni7,81
Al4Dy25Ni46,42
Al9Dy5Ni1,83
Dy1H3O3,3.5
Dy1Pt2,9.1
Dy1Rh2,26
Dy5Si4,140
Dy17Th3,119
Dy4Fe10Y1,618
Dy1Fe4Y1,590
Al4Ho25Ni46,30
Al31Ho20Ni9,31
H3Ho1O3,2.55
Ho1Pt2,6.6
Ho1Rh2,6
Ho5Si4,76
Cu1F4K2,9.5
Cl6Ir1K2,3.05
F3K1Mn1,81.5
Ba3La17Mn20O60,230
Ca1La9Mn10O30,152
Ca3La7Mn10O30,255
Cd3La7Mn10O30,326
Co7La2,490
Co4Cu1La1,690
Co1La2Mn1O6,265
Co4La1Ni1,690
Cr1La1O3,300
Cu1La2Mn1O6,55
Er1La1O3,7
Fe12La1O19,728
Gd3La47Ru300,10
La49Lu50Tb50,1.5
La98Lu115Tb85,1.3
La1Mn1O3,166
La2Mn1Ni1O6,300
La3Mn4O12Pb1,315
La13Mn20O60Pb7,332.5
La11Mn20O60Pb9,350
La7Mn10O30Pb3,361
La31Mn50O150Pb19,340
Co2La1O6Sr1,228.5
La1Mn2O8Sr3,295
Co1Li2Mn3O8,50
Cu2Fe9Li1O16,813.5
Al33Fe217Li50O400,1071
Al8Fe17Li5O40,650
Fe122Ga3Li25O200,850
Fe207Ga43Li50O400,705
Fe66Ga59Li25O200,301
Fe252Li45O400,808.5
F1Fe2Li1O3,903
Fe3Li1O8Rh2,580
Fe1Li1O8Rh4,130
Fe8Li3O16Sb1,750
Fe23Li6O40Sb1,885
Li2Mg1Mn3O8,38
Li2Mn3Ni1O8,130
Li97Ni153O250,210
Li2Mn3O8Zn1,22
C1Lu1O2,2
C1Lu1O3,362
Co7Lu2,459
Fe3Lu1,529
Fe23Lu6,485
Fe5Lu3O12,549
Lu2Ni17,601
Al1Fe1Mg1O4,273
Fe127Mg23O200,814.5
F7Fe20Mg8O33,693
Fe11Mg16O40Sb3,370
Fe17Mg12O40Sb1,620
Mg1Mn5O8,20
Al1C1Mn3,272
As9Mn10P1,240
B1Mn1,578
Bi1Mn1,630.5
C1Co2Mn2,808
As5Cr1Mn4,200
Cr1Mn1O4,250
Cr2Mn1O4,43
Cr2Mn1S4,67
Mn1Sb1,576.5
Cr51Mn49Sb100,390
Cr7Mn3Sb10,255
Cu1Mn3N1,149
Cr3Fe1Mn2O8,232
Cr1Fe3Mn2O8,485
Cr1Fe1Mn1O4,375
Fe9Ho10Mn1O30,600
Fe3Ho10Mn7O30,97
Fe41Mn19O80,571
Fe1Mn1O3,24
Fe4Mn1Si3,325
Fe3Mn2Si3,160
Ga1Mn2,690
Ga23Mn57,620
Ga1Mn3,470
C1Ga1Mn3,248
C19Ga20Mn60,265
Co9Ga10Mn30N1,223
C1Gd1Mn3,150
Ge1Mn3,28
Ge2Mn3,300
Cu1Ge2Mn2,612
Ge3Mn50Sb22,340
In1Mn3,583
Cr9In1Mn5S20,48
Cr17In3Mn10S40,36
Mn4N1,745
C303Mn4000N697,848
C1Mn16N3,850
Mn33Nb100S200,48
Mn33Nb100Se200,22
Mn1Nb4Se8,25
B200Mn147Ni3,146
Mn3Pt2,540
Mn53Sb47,450
Mn5Si3,60
C1Mn5Si1,284
C11Mn250Si150,156
C1Mn9Si2,220
Mn3Sn2,269
Mn9Sn5,256
Mn2Sn1,281.5
Mn33S200Ta100,80
Mn1Te1,260
Mn2O4Ti1,73
Mn1O3V1,67.5
Mn1O4V2,56
Mn2O4V1,53.5
Fe10Mn1O20Zn4,228
Fe10Mn3O20Zn2,414
Fe20Mn9O40Zn1,533
Fe205Mn63O400Zn37,423
B4Mn2Mo1,590
Mo16N7,175
F14Fe3Na5,90
Fe3Na1O5,663
Mn10Na7O20,60
Nd1,29
Cd10Nd13,105
Cl3Nd1,1.745
Co17Nd2,1158
Cr1Nd2O7Sb1,8
Fe7Nd1,327
Fe23Nd6,429
Fe41Nd30O120Sc9,320
Fe15Nd12O48Sc5,200
Fe37Nd30O120Sc13,150
Ge3Nd5,51.7
H2Nd1,9.5
N1Nd1,27.3
Nd1Ni1,35
Nd1Ni3,27
Nd2Ni7,87
Al2Nd5Ni8,16
Al173Nd100Ni27,25
Al4Nd5Ni6,17
Mn50Nd31O150Pb19,175
Nd3S4,47.8
Mn20Nd17O60Sr3,130
Mn2Nd1O6Sr1,261
B7I1Ni3O13,62
Co2Ni1O4,500
Cr1Ni1O2,389
Cr2Ni1O4,69
Fe95Mn1Ni50O200,565
Cu9Mn10Ni1Sb10,649
Cu7Mn10Ni3Sb10,383
Cu3Mn10Ni7Sb10,167
Cr20Fe9Ni1O40,183
Cr10Fe4Ni1O20,138
Fe1Ga3Ni2O8,173
Fe3Ni2O8Rh1,720
Fe1Ni1O4Rh1,540
Fe17Ni12O40Sb1,820
Fe5Ni6O16Sb1,710
Ga6Ni19,10
Fe1Ga500Ni1499,13.4
Fe1Ga25Ni74,85
Fe46Ge2Ni23O100,810
Fe14Ge3Ni7O40,680
Fe118Ge41Ni59O400,610
Mn1Ni1O3,413
Mn2Ni1O4,137.5
Fe2Ni1O4Zn1,672.5
Ni1O4Rh2,360
Fe13Ni10O40V7,670
Fe1Ni4O16V7,445
Fe40Ni7O80Zn13,550
Fe100Ni39O200Zn11,750
C1Np1,210
C19Np20,190
C3Np2,109
Cl4Np1,6.7
Fe2Np1,500
N1Np1,84.5
Co1O6Pb2W1,67
Cr2Pb1S4,138
Fe1O6Pb2Ta1,143
Fe66O300Pb100W33,132
Co7Pd9993,1.55
Fe3Pd47,173
Pr1,8.7
Ag1Pr1,14
Bi1Pr1,0.01
Co3Pr1,349
Co7Pr2,574
Co17Pr2,1165.5
Cr1O7Pr2Sb1,7
Co5Dy1Pr4,61
Co5Dy3Pr2,104
Co5Dy4Pr1,137
Dy1Ni10Pr4,22.1
Dy4Ni10Pr1,26.4
Er1000Mn667O150Pr183,422
Fe2Pr1,501
Fe7Pr1,281.5
Ge2Pr1,19
Ho1Ni5Pr4,18.7
Ho4Ni5Pr1,22
Al40La19Pr10,5
Al10La1Pr4,30
Mn1O3Pr1,80
Ni1Pr1,20
Ni2Pr1,15
Ni3Pr1,20
Ni7Pr2,85
Mn100O300Pb37Pr63,215
Al20Pr1Y9,13
Al10Pr4Y1,32
Mn13Pt7,250
Mn99Pt101Sb100,582
Mn99Pt101Sn100,356.5
Ge2Pu1,34.5
Cl3Fe1Rb1,109
F3Fe1Rb1,87
Co3F15Mg2Rb5,25
Co3F30Ni7Rb10,109
Co1F12Ni3Rb4,115
F3Ni1Rb1,142
F300Mg33Ni67Rb100,58
F300Mn33Ni67Rb100,103
In25Sc78,7
Ni2Sc1,630
C1Sm1,30
Cr1O7Sb1Sm2,12
Fe7Sm1,399
Fe1O3Sm1,660
Fe5O12Sm3,570
Ir2Sm1,37
Mn5Sm1,389.5
Er1,19.6
Al1Er3Fe4O12,420
Au4Er1,5
C1Er1,50
Cd5Er6,14
Co6Er1,1050
Co7Er2,657
Co17Er2,1186
Co3Er4,25
Cr1Er12Fe19O48,520
Cr1Er2O7Sb1,10
Dy4Er1,40
Er1Fe3,550
Er3Fe5O12,553.7
Er19Ho10,21
Er1Ir2,3
Er1Mn5,415
Er6Mn23,415
Er2Ni17,384
Al11Er10Ni9,16
Al44Er25Ni6,27
Al46Er25Ni4,31
Al19Er10Ni1,33
Al17Er10Ni3,28.5
Al197Er100Ni3,22
Al17Er100Ni183,30
Er1Pt2,3.6
Er1Rh2,6
Er5Si4,25
Er9Tb1,25
Er1Tb4,150
Er19Th1,80
Er9Th1,74
Er4Th1,48
Al4Eu1,14
Al2Eu3O6,10
Al2Eu5O8,6
As2Eu3,18
Ca11Eu9O20,44
Cr1Eu2O7Sb1,4
Eu3Fe5O12,564.5
Eu24Gd1O25,132.5
Eu1Gd2S4,6
Eu1I2,5
Al20Eu1La9,11
Al10Eu2La3,4
Eu1H3Li1,38
Eu1Lu2O4,8.5
Eu1H4N2,5.4
Eu1Nb2S4,15
Eu3O4,42.4
Eu10F1O9,66
Eu3P2,25
Eu3O8P2,5
Eu1Se1,4.58
Eu2O4Si1,7
Eu3O5Si1,19
Eu1Fe5O12Y2,556
Fe1,1041
Al1Fe1O3,300
Al23Fe77O150,810
B1Fe1,598
B1Fe1O3,350
B1Fe3O6,508
B2Fe5P1,628
Be5Fe1,174
Co1Fe1,1253
Co3Fe97,1079
Co1Fe19,1093
Co119Fe1881,1105
Co187Fe1813,1124
Co1Fe9,1143
Co4Fe21,1203
Co2Fe3,1200
Al3B6Co12Fe8,815
Co3Fe17P10,423
Co3Fe12P5,670
Cr1Fe3,1083
Cr243Fe257,9
Cr87Fe113,47
Cr2Fe13O20,763
Cr6Fe9O20,273
Cr2Fe1S4,180
Cr3Fe3S8,302
Cr3Fe12Se20,330
Cr3Fe3Se8,220
Cr4Cu1Fe1S8,357.5
F2Fe1,363
F3Fe1,362
Fe10Ga13,590
Fe69Ga31,620
Fe3Ga1,760
Fe7Ga3O15,350
Fe93Ga7O300,262
Fe41Ga9O150,208
Fe2Ge1,478
Fe79Ge50,470
Fe33Ge20,470
Fe3Ge2,444
Fe5Ge3,485
Cu21Fe38Ge1O80,719
Cu11Fe18Ge1O40,709
Cu6Fe8Ge1O20,700
Cu13Fe14Ge3O40,700
Fe1O3Si1,37
Fe433Mg67O1500Si500,18
Fe379Mg121O1500Si500,11
As100Fe76Mn119,127
As100Fe67Mn128,153
Fe1Ge1Mn1,245
Fe1Ge1Mn2,233
Fe9Ge10Mn9,241
Fe3Ge2Mn3,333
Fe2Ge1Mn1,433
Fe12Mn3P5,680
Fe81Ni19,834
Fe4Ni1,840
Fe77Ni23,876
Fe7Ni3,340
Al3B6Fe8Ni12,285
Fe9Ni1P5,340
Fe7Ni3P5,270
Fe1Ni1P1,77.5
Fe46Ni4P25,342
Fe3Ni9P4,120
Fe19Ni1P10,343
Fe1P1,215
Fe191P100,223
B1Fe40P19,291
B1Fe20P9,391
B1Fe10P4,512
B3Fe30P7,758
B4Fe15P1,806
C3Fe32P5,586
Fe13Pd987,55
Fe1Pd2Pt1,360
Fe5Pd8Pt7,270
Fe7Pd73Si20,28
Fe49Rh51,667
Co52Fe625Rh625,480
Cr52Fe625Rh625,484
Cu52Fe625Rh625,486
Fe625Mo52Rh625,771
Fe625Nb52Rh625,834
Fe625Ni52Rh625,426
Fe625Rh625Ta52,773
Fe625Rh625W52,1051
Fe87S100,593
Fe451S500,530
Fe5Sb4,80
Fe61Sb50,4.2
Fe7Se8,450
Fe5Si3,378.5
Fe13Sn10,676
Fe8Sn5,583
Fe3Sn2,612
Fe5Sn3,591.5
Fe111Te100,479
Fe689Ti311,318
Fe2027Ti973,70
Fe1S4Ti2,60.2
Fe27V23,132.5
Fe111V89,160
Fe61V39,210
Fe1O3V1,455
Al2Ga1,176
Fe5Ga1O8,686
Fe23Ga7O40,620
Fe23Ga17O60,308
Fe27Ga23O75,308.25
Fe6Ga4O15,305
Fe4Ga6O15,205
Fe43Ga57O150,167.5
Ag3Gd10In7,116
Ag4Gd5In1,40
Al1Fe4Gd3O12,435
Br3Gd1,1.66
C1Gd1,343
C1Gd3,500
Cd5Gd6,272.5
Cl3Gd1,2.209
Co3Gd4,230
Co1Gd2Mn1O6,108.5
Cr1Fe19Gd12O48,250
Cr1Gd2O7Sb1,12
Dy4Gd1Ni10,42
Dy3Gd2Ni10,52.5
Dy1Gd4Ni10,75
Dy4Gd1Ni25,26
Dy3Gd2Ni25,31.5
Dy1Gd4Ni25,37.25
Al3Fe7Gd6O24,187.5
Al5Fe5Gd6O24,175
Fe5Gd3O12,564
F2Fe25Gd15O58,549
F3Fe25Gd15O57,528
Gd1Ho4Ni10,28
Gd2Ho3Ni10,42.5
Gd4Ho1Ni10,70
Gd1Ho4Ni25,19
Gd2Ho3Ni25,20
Gd4Ho1Ni25,35
Gd1I3,88
Al20Gd1La9,24
Gd69Lu31,221
Gd91Lu9,267
Gd47Mg3,233
Gd22Mg3,184
Gd1Mn5,466.5
Gd1Nd4Ni10,43.25
Gd3Nd2Ni10,65
Gd4Nd1Ni10,78
Gd1Nd4Ni25,17
Gd4Nd1Ni25,33
Gd2Ni7,118
Al11Gd100Ni189,92
Al31Gd20Ni9,68
Cu7Gd20Ni33,103
Gd1Pd2,335
Gd1Ru2,83
Bi3Gd8Sb3,290
Gd5Si4,336
Gd19Th1,273
Gd7Y3,220
Gd17Y3,268
Co10Gd1Y4,60
Co10Gd2Y3,205
Co10Gd4Y1,350
Fe10Gd1Y4,600
Fe4Gd1Y1,680
Fe20Gd9Y1,775
Cr2Hg1S4,36.1
Cr2Hg1Se4,106
Ho1,20
Al2Ho3,33
C1Ho2,97.5
Cd10Ho13,30
Co7Ho2,670
Co17Ho2,1178
Co3Ho4,44
Cr1Ho2O7Sb1,10
Fe1Ho1O3,47
Fe5Ho3O12,567
Ho1Ir2,12
Ho1Mn5,429.5
Ho6Mn23,434
Ho1Nd4Ni10,47.75
Ho4Nd1Ni10,52.75
Ho1Nd4Ni25,64
Ho4Nd1Ni25,70
Ho1Ni3,66
Ho2Ni7,70
Ho2Ni17,162
Al91Ho100Ni109,27
As3Mn4,126.15
Fe23La2Si3,198
Fe56La5Si9,211
Fe111La10Si19,219
Fe11La1Si2,230
Fe109La10Si21,234
Fe54La5Si11,245
Fe21La2Si5,262
Er1Fe22Sm1Ti2,533
Ce5Fe54Ti6,495
Fe54Nd5Ti6,545
Fe54Sm5Ti6,585
Fe54Gd5Ti6,600
Er5Fe54Ti6,500
Fe54Ti6Y5,520
Fe10Nd1Ti2,504
Fe10Ti2Y1,498
Fe21Gd2Ti3,600
Co11Fe44Ti5Y5,736
Co11Fe11Ti2Y2,945
Fe44Ni11Ti5Y5,568
Fe99Ni11Ti10Y10,478
Co3Fe8Gd1Ti1,834
Co6Fe5Gd1Ti1,995
Co9Fe2Gd1Ti1,1119
Co1Dy1Fe10Ti1,636
Co3Dy1Fe8Ti1,820
Co6Dy1Fe5Ti1,1022
Co9Dy1Fe2Ti1,1095
Co3Fe8Ho1Ti1,810
Co3Er1Fe8Ti1,796
Co6Er1Fe16Sm1Ti2,823
Co11Gd1Ti1,1080
Co11Ho1Ti1,1073
Co11Er1Ti1,1066
Co11Ti1Y1,943
Fe21Si1Sm2Ti2,544
Fe10Si1Sm1Ti1,557
Fe19Si3Sm2Ti2,545
Fe9Si2Sm1Ti1,550
Fe44Si11Sm5Ti5,552
Al1Fe21Sm2Ti2,588
Al1Fe10Sm1Ti1,562
Al3Fe19Sm2Ti2,546
Al2Fe9Sm1Ti1,567
Fe51Si4Sm5Ti5,582
Al5Fe17Sm2Ti2,456
Fe55H6Sm5Ti5,627
Fe55N4Sm5Ti5,769
C4Fe55Sm5Ti5,698
Fe55H6Ti5Y5,567
Fe55N4Ti5Y5,733
Ce1Fe10V2,440
Fe10Nd1V2,570
Fe10Sm1V2,610
Fe10Gd1V2,616
Fe10Tb1V2,570
Dy1Fe10V2,540
Fe10Ho1V2,525
Er1Fe10V2,505
Fe10Tm1V2,496
Fe10Lu1V2,483
Fe10V2Y1,532
Fe21Nd2V3,600
Fe51Nd5V9,630
Fe49Nd5V11,580
Fe49Nd6V11,570
Fe21Sm2V3,620
Fe21Gd2V3,635
Fe19Gd2V5,545
Fe53V7Y5,577
Fe21V3Y2,575
Fe52V8Y5,575
Fe51V9Y5,556
Fe49V11Y5,516
Fe47V13Y5,478
Fe46V14Y5,455
Fe8V4Y1,350
Fe10Th1V2,515
Co10V2Y1,611
Fe10Nd1Si2,574
Fe10Si2Sm1,606
Fe10Gd1Si2,610
Fe10Si2Tb1,585
Dy1Fe10Si2,566
Fe10Ho1Si2,558
Er1Fe10Si2,550
Fe10Si2Tm1,546
Fe10Lu1Si2,540
Fe10Si2Y1,540
Co2Fe8Si2Sm1,714
Co3Fe7Si2Sm1,765
Co5Fe5Si2Sm1,850
Fe21Lu2Si3,528
Co2Fe8Si2Y1,670
Co4Fe6Si2Y1,790
Co6Fe4Si2Y1,820
Co8Fe2Si2Y1,788
Cr25Fe95Gd11,608
Cr2Fe10Nd1,530
Cr2Fe10Sm1,565
Cr2Fe10Gd1,580
Cr2Fe10Tb1,525
Cr2Dy1Fe10,495
Cr2Fe10Ho1,485
Cr2Er1Fe10,475
Cr2Fe10Tm1,465
Cr2Fe10Lu1,450
Cr2Fe10Y1,510
Cr3Fe21Y2,540
Cr27Fe93Y10,420
Cr3Fe9Y1,385
Cr7Fe17Y2,360
Cr1Fe10V1Y1,515
Ce1Fe10Mo2,260
Fe10Mo2Pr1,385
Fe10Mo2Nd1,400
Fe10Mo2Sm1,483
Fe10Gd1Mo2,430
Fe10Mo2Tb1,390
Dy1Fe10Mo2,365
Fe10Ho1Mo2,345
Er1Fe10Mo2,310
Fe10Mo2Tm1,290
Fe10Lu1Mo2,260
Fe10Mo2Y1,395
Fe21Mo3Nd2,440
Fe19Mo5Nd2,350
Fe11Mo1Sm1,510
Fe21Mo3Sm2,460
Fe25Mo5Sm3,460
Fe21Gd2Mo3,520
Fe21Mo3Y2,460
Fe19Mo5Y2,300
Fe98Gd11Mo22,370
Fe100Gd11Mo20,440
Fe102Gd11Mo18,484
Fe51Gd5Mo9,446
Fe100Mo20Y11,360
Ce2Fe40Mo3,358
Fe20Mo3Nd2,458
Fe20Mo3Sm2,475
Fe20Gd2Mo3,478
Dy2Fe20Mo3,415
Er2Fe20Mo3,381
Fe20Mo3Y2,408
Co2Fe8Mo2Sm1,490
Fe21Sm2W3,520
Fe54Gd5W6,560
Fe21Gd2W3,550
Fe21Gd2Mo2W1,500
Fe21W3Y2,500
Fe54W6Y5,500
Fe10W2Y1,500
Fe5Nd1W1,547
Fe10Sm1W2,532
Fe10Gd1W2,569
Fe10Gd1Mn2,445
Co6Mn6Nd1,5
Co36Mn24Nd5,128
Co42Mn18Nd5,370
Al4Fe8Gd1,385
Al2Fe10Gd1,498
Fe87V33Y10,415
Fe8Sm1Ti1,596.15
Co1Fe7Sm1Ti1,711.15
Co2Fe6Sm1Ti1,803.15
Co3Fe5Sm1Ti1,868.15
Fe8Mo1Sm1,505.15
B1Fe39Mo5Sm5,515.15
B2Fe38Mo5Sm5,534.15
B1Fe39Sm5Ti5,602.15
Fe80Sm10Ti7V3,614.15
Fe80Si3Sm10Ti7,590.15
Fe80Ga1Sm10Ti9,600.15
Fe16Mo1Sm2Ti1,561.15
B2Fe78Mo5Sm10Ti5,565.15
Co2Fe14Mo1Sm2Ti1,639.15
Al6Eu1Fe6,135
Al6Fe6Gd1,345
Al6Fe6Tb1,335
Al6Dy1Fe6,325
Al6Fe6Ho1,310
Al6Er1Fe6,320
Al6Fe6Tm1,320
Al6Fe6Yb1,210
Al6Fe6Y1,308
Al6Cu6Gd1,21
Al6Cu6Tb1,33.4
Al6Cu6Dy1,3.9
Al6Cu6Ho1,1.9
Al6Cu6Er1,2.6
Al6Cu6Tm1,3.9
Al6Gd1Mn6,15
Al6Mn6Tb1,8
Al6Dy1Mn6,6
Al6Er1Mn6,2.6
Al6Mn6Tm1,2
Al6Cr6Gd1,170
Al6Cr6Dy1,20
Al6Cr6Er1,15
Al7Fe5Sm1,220
Al7Fe5Gd1,268
Al7Fe5Tb1,248
Al7Dy1Fe5,227
Al7Fe5Ho1,227
Al7Er1Fe5,218
Al7Fe5Yb1,207
Al7Fe5Lu1,212
Al7Fe5Y1,215
Al8Fe4La1,135.4
Al8Ce1Fe4,159.7
Al8Fe4Pr1,107
Al8Fe4Nd1,142
Al8Fe4Sm1,108
Al8Eu1Fe4,137
Al8Fe4Gd1,172.3
Al8Fe4Tb1,165.3
Al8Dy1Fe4,122
Al8Fe4Ho1,137
Al8Er1Fe4,183
Al8Fe4Tm1,186.6
Al8Fe4Yb1,103
Al8Fe4Lu1,197.3
Al8Fe4Y1,184.7
Al8Fe4Th1,147.2
Al8Cu4Pr1,15
Al8Cu4Nd1,20
Al8Cu4Sm1,25
Al8Cu4Gd1,32
Al8Cu4Tb1,22
Al8Cu4Dy1,17
Al8Cu4Ho1,7
Al8Cu4Er1,6
Al8Cu4Tm1,5
Al8Cr4Pr1,6
Al8Cr4Sm1,19
Al8Cr4Gd1,8
Al8Cr4Tb1,12
Al8Cr4Dy1,16
Al8Cr4Ho1,8
Al8Cr4Er1,14
Al8Cr4Tm1,11
Al8Mn4Pr1,11
Al8Mn4Nd1,7
Al8Mn4Sm1,12
Al8Eu1Mn4,20
Al8Gd1Mn4,28
Al8Mn4Tb1,21
Al8Dy1Mn4,19
Al8Ho1Mn4,14
Al8Er1Mn4,15
Al8Mn4Tm1,13
Co9Nd1Si2,454
Co801Fe99Nd100Si200,521
Co351Fe99Nd50Si100,556
Co603Fe297Nd100Si200,551
Co126Fe99Nd25Si50,521
Co81Fe99Nd20Si40,492
Co9Si2Sm1,473
Co9Gd1Si2,483
Co9Si2Tb1,463
C1Ce2Fe20Si2,390
C1Fe20Pr2Si2,430
C1Fe20Nd2Si2,410
C1Fe20Si2Sm2,460
C1Co20Nd2Si2,950
C1Co20Si2Sm2,670
C11Fe85Sm10,673
C1Fe68Y8,365
C1Fe34Y4,427
C3Fe68Y8,461
C11Fe170Y20,519
C11Fe85Y10,660
C5Fe85H11Y10,566
C5Fe85N7Y10,701
C11Fe170N10Sm20,744
B1Ce1Co4,297
B1Co4Tb1,455
B1Co4Dy1,427
B1Co4Ho1,396
B1Co4Lu1,396
B2Co5Fe3Y2,633
B1Co3Fe1Y1,586
B2Co7Fe1Y2,519
B1Co2Fe2Sm1,768
B1Co2Fe2Gd1,770
B1Co2Dy1Fe2,650
B1Co1Fe3Sm1,721
B1Fe2Ni2Sm1,495
B1Fe1Ni3Sm1,404
B1Co3Ni1Sm1,424
B1Co3Fe1Lu1,460
B1Co2Fe2Lu1,482
B1Co1Fe3Lu1,510
B2Ce1Rh3,115
B10Ce5Ir3Rh12,125
B4Ce2Ir3Rh3,118
B10Ce5Ir9Rh6,90
B3Co7Nd2,330
B15Co14Fe21Nd10,885
Co3Ga2Tb1,205
Co3Ga2Y1,85
C5Dy1Fe70Nd9,535
C5Dy2Fe70Nd8,537
C5Dy4Fe70Nd6,540
C5Fe70Lu1Nd9,530
C10Ce20Fe137Mn3,480
C10Fe137Mn3Pr20,412
C1Fe12Mn2Pr2,305
C1Fe11Mn3Pr2,230
C1Fe8Mn6Pr2,85
C10Fe137Mn3Nd20,506
C2Fe27Mn1Nd4,491
C1Fe13Mn1Nd2,451
C2Fe25Mn3Nd4,401
C1Fe12Mn2Nd2,354
Fe11Ga3Pr6,320
Fe11Ga3Nd6,397
Fe11Ga3Sm6,462
Ce2Co12P7,48
Co12P7Pr2,136
Co12Nd2P7,140
Co12P7Sm2,148
Co12Eu2P7,151
Co12Gd2P7,145
Co12P7Tb2,150
Co12Dy2P7,152
Co12Ho2P7,152
Co12Er2P7,146
Co12P7Tm2,147
Co12P7Yb2,134
Co12Lu2P7,150
Au1Gd1Ni4,38
Au1Ni4Tb1,28
Au1Dy1Ni4,23
Au1Ho1Ni4,14
Au1Er1Ni4,24
C6Fe85Gd10,582
B2Gd3Ni7,37
Mn2Y1,102.5
B1Fe2,1013
Mn1Ni1Si1,622
Co1Ge1Mn1,337
Fe1Ge1Ni1,770
Co1Fe1Ge1,370
Cr1Ni1P1,146
Co1Fe1P1,430
As1Fe20P9,358
As1Fe10P4,411
As3Fe20P7,443
As3Fe10P2,470
B1Fe50P24,350
B2Fe50P23,450
Fe20P9Si1,370
Cu3Fe97P50,265
As1Cr1Ni1,185
As1Co1Mn1,347.5
As1Co1Fe1,301
As1Co2,30
Fe1P1Rh1,350
Mn1P1Ru1,269
Mn1P1Rh1,401
As1Mn1Ru1,521
As1Mn1Rh1,190
Fe2Te3,10
B2Fe5Si1,784
B2Mn5P1,411
B2Mn5Si1,312
Mn5Sn3,263
Co1Fe9U5,129
Co2Fe8U5,87
Co3Fe7U5,24
Fe9Mn1U5,130
Fe8Mn2U5,89
Fe7Mn3U5,24
Pt1U1,27
Si1U1,120
Ga1U1,23
Ir1U1,46
Pt1Pu1,19
Mn2Np1,18
Fe2Pu1,582
Am1Fe2,544
Ni2Np1,32
Np1Re2,47
Pt2Pu1,6
Al3Np1,62.5
Fe17Th2,295
Co17Th2,1035
Al1Rh1U1,27
Al1Ir1U1,64
Al1Pt1U1,40
Co1Ga1U1,47
Ga1Ni1U1,36
Ga1Rh1U1,41
Ga1Ir1U1,60
Ga1Pt1U1,68
In1Pt1U1,30
Co1Sn1U1,80
Ru1Sn1U1,53
Rh1Sn1U1,27.5
Ir1Sn1U1,29
Pt1Sn1U1,19
Co7Fe13,1210
Fe1Ni4,843
B1Fe2Ni2,535
As25Ga23Mn2,170
Al1Mn1,650
Co3Pt1,1190
Al1Mn2V1,730
Fe17N3Y2,694
C3Fe17Y2,660
C3Fe17Sm2,668
Fe1O6Sr2W1,39
Fe1O6Re1Sr2,405
Cr1O6Re1Sr2,635
H9Mn23Y6,563
H20Mn23Y6,700
Gd6H22Mn23,160
H23Mn23Tb6,220
Dy6H23Mn23,4.2
H23Ho6Mn23,4.2
Er6H23Mn23,44.6
Mn23Tm6,404
Lu6Mn23,378
H30Mn23Th6,329
H17Mn10Y5,284
Er1H4Mn2,4.2
Er5H23Mn10,1.5
H97Mn150Ti100,213
H3Mn2Zr1,175
H18Mn14Zr5,139
H18Mn19Zr5,133
Fe10Ti1Y1,530
Fe200H11Ti20Y20,570
Fe10V1Y1,550
Fe10H1V1Y1,660
Fe11V1Y1,550
Fe1H1V11Y1,665
Fe85H16Nd10,510
Fe17H2Sm2,526
B5Fe70H18Y10,615
B10Ce20Fe140H37,560
B5Fe70Gd10H22,698
B5Fe70H22Tb10,657
B5Dy10Fe70H23,638
B5Fe70H27Ho10,615
B10Er20Fe140H37,588
Fe5Th1,685
Fe23H1Y6,743
Fe23H16Ho6,702
Fe23H14Tm6,550
Fe3H5Y1,545
Fe3H1Th1,386
Fe2H4Y1,220.5
Fe20Gd10H41,338
Fe2H3Tb1,300
Dy2Fe4H7,300
Er2Fe4H7,357.5
Er10Fe20H37,300
Er1Fe2H4,4
Er25Fe50H103,4.2
Fe4H7Tm2,305
Fe1H3Hf2,73
Fe5H28Zr15,80
Co100H67La20,300
Co50H43La10,300
Co25H18Pr5,300
Co50H3Nd10,300
Co25H14Nd5,300
Co10H5Sm2,300
Co25Gd5H14,480
Co7H3Y2,540
Co7H6Y2,470
Co7H5La2,300
Ce2Co7H7,233
Co14H17Nd4,35
Co70Gd20H77,420
Co35H13Ho10,200
Ce1Co3H4,80
Co15Gd5H23,28
Co30Dy10H43,18
Co15H21Ho5,15
Co2Gd1H4,90
Co10H16Tb5,50
Co20Dy10H33,40
Co4H7Ho2,40
Co4Er2H7,25
Co10H27U10,63
Co1H18U6,185
Gd2H7Ni4,8
Eu1Pd1,48
Au1Gd1,35
Gd7Pd3,311
Eu2H5Ir1,20
Gd1H3Ru2,65
Gd1H3Rh2,35
Co10Tb1Y4,38
Co20Tb3Y7,67
Co10Tb2Y3,98
Co4Tb1Y1,128
Co10Tb3Y2,154
Co20Tb7Y3,176
Co10Tb4Y1,197
Co20Tb9Y1,217
Co20Ho9Tb1,85
Co40Ho17Tb3,94
Co20Ho7Tb3,129
Co20Ho3Tb7,185
Co20Ho1Tb9,210
Co10Dy1Nd4,100
Co10Dy2Nd3,105
Co4Dy1Nd1,110
Co10Dy3Nd2,115
Co10Dy4Nd1,125
Co10Dy1Pr4,69
Co10Dy2Pr3,78
Co10Dy3Pr2,95
Co10Dy4Pr1,115
Ag1,0
Al1,0
Am1,0
As1,0
Au1,0
B1,0
Ba1,0
Be1,0
Bi1,0
Bk1,0
Br1,0
C1,0
Ca1,0
Cd1,0
Ce1,0
Cf1,0
Cl1,0
Cm1,0
Cr1,0
Cs1,0
Cu1,0
Eu1,0
F1,0
Ga1,0
Ge1,0
H1,0
Hf1,0
Hg1,0
I1,0
In1,0
Ir1,0
K1,0
La1,0
Li1,0
Lu1,0
Mg1,0
Mn1,0
Mo1,0
N1,0
Na1,0
Nb1,0
Np1,0
O1,0
Os1,0
P1,0
Pb1,0
Pd1,0
Pt1,0
Pu1,0
Rb1,0
Re1,0
Rh1,0
Ru1,0
S1,0
Sb1,0
Sc1,0
Se1,0
Si1,0
Sm1,0
Sn1,0
Sr1,0
Ta1,0
Te1,0
Th1,0
Ti1,0
Tl1,0
U1,0
V1,0
W1,0
Y1,0
Yb1,0
Zn1,0
Zr1,0